Handle,Title,Body (HTML),Vendor,Type,Tags,Published,Option1 Name,Option1 Value,Variant SKU,Variant Inventory Tracker,Variant Inventory Qty,Variant Inventory Policy,Variant Fulfillment Service,Variant Price,Variant Requires Shipping,Image Src,Image Position,Image Alt Text,Status,Collection
porta-latas-1,Porta Latas 1,<p>Porta latas personalizado impreso en 3D</p><p>Producto de catálogo. Precio por definir; venta todavía no habilitada.</p>,Áreas 3D,Porta Latas,"catalogo-sin-venta, precio-por-definir, importacion-areas3d-2026-10",FALSE,Title,Default Title,A3D-001,shopify,0,deny,manual,0.00,TRUE,https://raw.githubusercontent.com/dannyaguilargil/areas_3d/a8697b9db53508cf1d36240203975e36ec68ac50/public/images/portalatas1.jpeg,1,Porta Latas 1,active,Porta Latas
porta-latas-2,Porta Latas 2,<p>Porta latas personalizado impreso en 3D</p><p>Producto de catálogo. Precio por definir; venta todavía no habilitada.</p>,Áreas 3D,Porta Latas,"catalogo-sin-venta, precio-por-definir, importacion-areas3d-2026-10",FALSE,Title,Default Title,A3D-002,shopify,0,deny,manual,0.00,TRUE,https://raw.githubusercontent.com/dannyaguilargil/areas_3d/a8697b9db53508cf1d36240203975e36ec68ac50/public/images/portalatas2.jpeg,1,Porta Latas 2,active,Porta Latas
porta-latas-3,Porta Latas 3,<p>Porta latas personalizado impreso en 3D</p><p>Producto de catálogo. Precio por definir; venta todavía no habilitada.</p>,Áreas 3D,Porta Latas,"catalogo-sin-venta, precio-por-definir, importacion-areas3d-2026-10",FALSE,Title,Default Title,A3D-003,shopify,0,deny,manual,0.00,TRUE,https://raw.githubusercontent.com/dannyaguilargil/areas_3d/a8697b9db53508cf1d36240203975e36ec68ac50/public/images/portalatas3.jpeg,1,Porta Latas 3,active,Porta Latas
porta-latas-4,Porta Latas 4,<p>Porta latas personalizado impreso en 3D</p><p>Producto de catálogo. Precio por definir; venta todavía no habilitada.</p>,Áreas 3D,Porta Latas,"catalogo-sin-venta, precio-por-definir, importacion-areas3d-2026-10",FALSE,Title,Default Title,A3D-004,shopify,0,deny,manual,0.00,TRUE,https://raw.githubusercontent.com/dannyaguilargil/areas_3d/a8697b9db53508cf1d36240203975e36ec68ac50/public/images/portalatas4.jpeg,1,Porta Latas 4,active,Porta Latas
porta-latas-5,Porta Latas 5,<p>Porta latas personalizado impreso en 3D</p><p>Producto de catálogo. Precio por definir; venta todavía no habilitada.</p>,Áreas 3D,Porta Latas,"catalogo-sin-venta, precio-por-definir, importacion-areas3d-2026-10",FALSE,Title,Default Title,A3D-005,shopify,0,deny,manual,0.00,TRUE,https://raw.githubusercontent.com/dannyaguilargil/areas_3d/a8697b9db53508cf1d36240203975e36ec68ac50/public/images/portalatas5.jpeg,1,Porta Latas 5,active,Porta Latas
porta-latas-6,Porta Latas 6,<p>Porta latas personalizado impreso en 3D</p><p>Producto de catálogo. Precio por definir; venta todavía no habilitada.</p>,Áreas 3D,Porta Latas,"catalogo-sin-venta, precio-por-definir, importacion-areas3d-2026-10",FALSE,Title,Default Title,A3D-006,shopify,0,deny,manual,0.00,TRUE,https://raw.githubusercontent.com/dannyaguilargil/areas_3d/a8697b9db53508cf1d36240203975e36ec68ac50/public/images/portalatas6.jpeg,1,Porta Latas 6,active,Porta Latas
porta-latas-7,Porta Latas 7,<p>Porta latas personalizado impreso en 3D</p><p>Producto de catálogo. Precio por definir; venta todavía no habilitada.</p>,Áreas 3D,Porta Latas,"catalogo-sin-venta, precio-por-definir, importacion-areas3d-2026-10",FALSE,Title,Default Title,A3D-007,shopify,0,deny,manual,0.00,TRUE,https://raw.githubusercontent.com/dannyaguilargil/areas_3d/a8697b9db53508cf1d36240203975e36ec68ac50/public/images/portalatas7.jpeg,1,Porta Latas 7,active,Porta Latas
porta-latas-8,Porta Latas 8,<p>Porta latas personalizado impreso en 3D</p><p>Producto de catálogo. Precio por definir; venta todavía no habilitada.</p>,Áreas 3D,Porta Latas,"catalogo-sin-venta, precio-por-definir, importacion-areas3d-2026-10",FALSE,Title,Default Title,A3D-008,shopify,0,deny,manual,0.00,TRUE,https://raw.githubusercontent.com/dannyaguilargil/areas_3d/a8697b9db53508cf1d36240203975e36ec68ac50/public/images/portalatas8.jpeg,1,Porta Latas 8,active,Porta Latas
mando-1,Mando 1,<p>Mandos personalizados para controles</p><p>Producto de catálogo. Precio por definir; venta todavía no habilitada.</p>,Áreas 3D,Mandos,"catalogo-sin-venta, precio-por-definir, importacion-areas3d-2026-10",FALSE,Title,Default Title,A3D-009,shopify,0,deny,manual,0.00,TRUE,https://raw.githubusercontent.com/dannyaguilargil/areas_3d/a8697b9db53508cf1d36240203975e36ec68ac50/public/images/mando1.jpeg,1,Mando 1,active,Mandos
mando-2,Mando 2,<p>Mandos personalizados para controles</p><p>Producto de catálogo. Precio por definir; venta todavía no habilitada.</p>,Áreas 3D,Mandos,"catalogo-sin-venta, precio-por-definir, importacion-areas3d-2026-10",FALSE,Title,Default Title,A3D-010,shopify,0,deny,manual,0.00,TRUE,https://raw.githubusercontent.com/dannyaguilargil/areas_3d/a8697b9db53508cf1d36240203975e36ec68ac50/public/images/mando2.jpeg,1,Mando 2,active,Mandos
mando-3,Mando 3,<p>Mandos personalizados para controles</p><p>Producto de catálogo. Precio por definir; venta todavía no habilitada.</p>,Áreas 3D,Mandos,"catalogo-sin-venta, precio-por-definir, importacion-areas3d-2026-10",FALSE,Title,Default Title,A3D-011,shopify,0,deny,manual,0.00,TRUE,https://raw.githubusercontent.com/dannyaguilargil/areas_3d/a8697b9db53508cf1d36240203975e36ec68ac50/public/images/mando3.jpeg,1,Mando 3,active,Mandos
mando-4,Mando 4,<p>Mandos personalizados para controles</p><p>Producto de catálogo. Precio por definir; venta todavía no habilitada.</p>,Áreas 3D,Mandos,"catalogo-sin-venta, precio-por-definir, importacion-areas3d-2026-10",FALSE,Title,Default Title,A3D-012,shopify,0,deny,manual,0.00,TRUE,https://raw.githubusercontent.com/dannyaguilargil/areas_3d/a8697b9db53508cf1d36240203975e36ec68ac50/public/images/mando4.jpeg,1,Mando 4,active,Mandos
mando-5,Mando 5,<p>Mandos personalizados para controles</p><p>Producto de catálogo. Precio por definir; venta todavía no habilitada.</p>,Áreas 3D,Mandos,"catalogo-sin-venta, precio-por-definir, importacion-areas3d-2026-10",FALSE,Title,Default Title,A3D-013,shopify,0,deny,manual,0.00,TRUE,https://raw.githubusercontent.com/dannyaguilargil/areas_3d/a8697b9db53508cf1d36240203975e36ec68ac50/public/images/mando5.jpeg,1,Mando 5,active,Mandos
obsequio-1,Obsequio 1,<p>Regalos personalizados impresionantes</p><p>Producto de catálogo. Precio por definir; venta todavía no habilitada.</p>,Áreas 3D,Obsequios,"catalogo-sin-venta, precio-por-definir, importacion-areas3d-2026-10",FALSE,Title,Default Title,A3D-014,shopify,0,deny,manual,0.00,TRUE,https://raw.githubusercontent.com/dannyaguilargil/areas_3d/a8697b9db53508cf1d36240203975e36ec68ac50/public/images/obsequio1.jpeg,1,Obsequio 1,active,Obsequios
obsequio-2,Obsequio 2,<p>Regalos personalizados premium de alta calidad</p><p>Producto de catálogo. Precio por definir; venta todavía no habilitada.</p>,Áreas 3D,Obsequios,"catalogo-sin-venta, precio-por-definir, importacion-areas3d-2026-10",FALSE,Title,Default Title,A3D-015,shopify,0,deny,manual,0.00,TRUE,https://raw.githubusercontent.com/dannyaguilargil/areas_3d/a8697b9db53508cf1d36240203975e36ec68ac50/public/images/obsequio2.jpeg,1,Obsequio 2,active,Obsequios
obsequio-3,Obsequio 3,<p>Regalos personalizados premium de alta calidad</p><p>Producto de catálogo. Precio por definir; venta todavía no habilitada.</p>,Áreas 3D,Obsequios,"catalogo-sin-venta, precio-por-definir, importacion-areas3d-2026-10",FALSE,Title,Default Title,A3D-016,shopify,0,deny,manual,0.00,TRUE,https://raw.githubusercontent.com/dannyaguilargil/areas_3d/a8697b9db53508cf1d36240203975e36ec68ac50/public/images/obsequio3.jpeg,1,Obsequio 3,active,Obsequios
soporte-telefono-calavera,Soporte Teléfono Calavera,<p>Soportes de teléfono ajustables</p><p>Producto de catálogo. Precio por definir; venta todavía no habilitada.</p>,Áreas 3D,Soporte de Teléfonos,"catalogo-sin-venta, precio-por-definir, importacion-areas3d-2026-10",FALSE,Title,Default Title,A3D-017,shopify,0,deny,manual,0.00,TRUE,https://raw.githubusercontent.com/dannyaguilargil/areas_3d/a8697b9db53508cf1d36240203975e36ec68ac50/public/images/soportetelefono1_calavera.jpeg,1,Soporte Teléfono Calavera,active,Soporte de Teléfonos
soporte-telefono-formula-1,Soporte Teléfono Formula 1,<p>Soportes de teléfono ajustables</p><p>Producto de catálogo. Precio por definir; venta todavía no habilitada.</p>,Áreas 3D,Soporte de Teléfonos,"catalogo-sin-venta, precio-por-definir, importacion-areas3d-2026-10",FALSE,Title,Default Title,A3D-018,shopify,0,deny,manual,0.00,TRUE,https://raw.githubusercontent.com/dannyaguilargil/areas_3d/a8697b9db53508cf1d36240203975e36ec68ac50/public/images/soportetelefono2_formula1.jpeg,1,Soporte Teléfono Formula 1,active,Soporte de Teléfonos
soporte-telefono-splash,Soporte Teléfono Splash,<p>Soportes de teléfono ajustables</p><p>Producto de catálogo. Precio por definir; venta todavía no habilitada.</p>,Áreas 3D,Soporte de Teléfonos,"catalogo-sin-venta, precio-por-definir, importacion-areas3d-2026-10",FALSE,Title,Default Title,A3D-019,shopify,0,deny,manual,0.00,TRUE,https://raw.githubusercontent.com/dannyaguilargil/areas_3d/a8697b9db53508cf1d36240203975e36ec68ac50/public/images/soportetelefono2_splash.jpeg,1,Soporte Teléfono Splash,active,Soporte de Teléfonos
soporte-telefono-papas,Soporte Teléfono Papas,<p>Soportes de teléfono ajustables</p><p>Producto de catálogo. Precio por definir; venta todavía no habilitada.</p>,Áreas 3D,Soporte de Teléfonos,"catalogo-sin-venta, precio-por-definir, importacion-areas3d-2026-10",FALSE,Title,Default Title,A3D-020,shopify,0,deny,manual,0.00,TRUE,https://raw.githubusercontent.com/dannyaguilargil/areas_3d/a8697b9db53508cf1d36240203975e36ec68ac50/public/images/soportetelefono3_papas.jpeg,1,Soporte Teléfono Papas,active,Soporte de Teléfonos
soporte-telefono-baloncesto,Soporte Teléfono Baloncesto,<p>Soportes de teléfono ajustables</p><p>Producto de catálogo. Precio por definir; venta todavía no habilitada.</p>,Áreas 3D,Soporte de Teléfonos,"catalogo-sin-venta, precio-por-definir, importacion-areas3d-2026-10",FALSE,Title,Default Title,A3D-021,shopify,0,deny,manual,0.00,TRUE,https://raw.githubusercontent.com/dannyaguilargil/areas_3d/a8697b9db53508cf1d36240203975e36ec68ac50/public/images/soportetelefono4_baloncesto.jpeg,1,Soporte Teléfono Baloncesto,active,Soporte de Teléfonos
soporte-telefono-globo,Soporte Teléfono Globo,<p>Soportes de teléfono ajustables</p><p>Producto de catálogo. Precio por definir; venta todavía no habilitada.</p>,Áreas 3D,Soporte de Teléfonos,"catalogo-sin-venta, precio-por-definir, importacion-areas3d-2026-10",FALSE,Title,Default Title,A3D-022,shopify,0,deny,manual,0.00,TRUE,https://raw.githubusercontent.com/dannyaguilargil/areas_3d/a8697b9db53508cf1d36240203975e36ec68ac50/public/images/soportetelefono5_globo.jpeg,1,Soporte Teléfono Globo,active,Soporte de Teléfonos
soporte-telefono-lata,Soporte Teléfono Lata,<p>Soportes de teléfono ajustables</p><p>Producto de catálogo. Precio por definir; venta todavía no habilitada.</p>,Áreas 3D,Soporte de Teléfonos,"catalogo-sin-venta, precio-por-definir, importacion-areas3d-2026-10",FALSE,Title,Default Title,A3D-023,shopify,0,deny,manual,0.00,TRUE,https://raw.githubusercontent.com/dannyaguilargil/areas_3d/a8697b9db53508cf1d36240203975e36ec68ac50/public/images/soportetelefono6_lata.jpeg,1,Soporte Teléfono Lata,active,Soporte de Teléfonos
